{"cameraMode":{"drawMode":0,"name":"Shaded","section":"Shading Mode"},"sceneLighting":true,"audioPlay":false,"sceneViewState":{"showFog":true,"showMaterialUpdate":false,"showSkybox":true,"showFlares":true,"showImageEffects":true,"showParticleSystems":true},"in2DMode":false,"pivot":{"x":4.657678127288818,"y":0.16881537437438966,"z":8.035208702087403},"rotation":{"x":0.13296936452388764,"y":0.08079428225755692,"z":-0.010922571644186974,"w":0.9877611994743347},"size":9.214908599853516,"orthographic":false}