{"cameraMode":{"drawMode":0,"name":"Shaded","section":"Shading Mode"},"sceneLighting":true,"audioPlay":false,"sceneViewState":{"showFog":true,"showMaterialUpdate":false,"showSkybox":true,"showFlares":true,"showImageEffects":true,"showParticleSystems":true},"in2DMode":false,"pivot":{"x":-1.3577933311462403,"y":0.3143646717071533,"z":-0.8601146936416626},"rotation":{"x":-0.05100218579173088,"y":0.9133808016777039,"z":-0.3854261636734009,"w":-0.1207520067691803},"size":1.690746784210205,"orthographic":false}