{"cameraMode":{"drawMode":0,"name":"Shaded","section":"Shading Mode"},"sceneLighting":true,"audioPlay":false,"sceneViewState":{"showFog":true,"showMaterialUpdate":false,"showSkybox":true,"showFlares":true,"showImageEffects":true,"showParticleSystems":true},"in2DMode":false,"pivot":{"x":145.23703002929688,"y":-528.080810546875,"z":250.10757446289063},"rotation":{"x":-0.05933571234345436,"y":0.6403672099113464,"z":-0.7641612887382507,"w":-0.04966620355844498},"size":3.714459180831909,"orthographic":false}