{"cameraMode":{"drawMode":0,"name":"Shaded","section":"Shading Mode"},"sceneLighting":true,"audioPlay":false,"sceneViewState":{"showFog":true,"showMaterialUpdate":false,"showSkybox":true,"showFlares":true,"showImageEffects":true,"showParticleSystems":true},"in2DMode":false,"pivot":{"x":11.17202377319336,"y":-1.6790156364440919,"z":-4.467263221740723},"rotation":{"x":0.13066236674785615,"y":0.8059432506561279,"z":-0.1936839371919632,"w":0.5439386963844299},"size":34.27845001220703,"orthographic":false}