{"cameraMode":{"drawMode":0,"name":"Shaded","section":"Shading Mode"},"sceneLighting":true,"audioPlay":false,"sceneViewState":{"showFog":true,"showMaterialUpdate":false,"showSkybox":true,"showFlares":true,"showImageEffects":true,"showParticleSystems":true},"in2DMode":false,"pivot":{"x":1.5182442665100098,"y":0.7642713785171509,"z":6.462296485900879},"rotation":{"x":-0.20671454071998597,"y":0.2630217969417572,"z":-0.05775657296180725,"w":-0.9406130313873291},"size":1.5986263751983643,"orthographic":false}