{"cameraMode":{"drawMode":0,"name":"Shaded","section":"Shading Mode"},"sceneLighting":true,"audioPlay":false,"sceneViewState":{"showFog":true,"showMaterialUpdate":false,"showSkybox":true,"showFlares":true,"showImageEffects":true,"showParticleSystems":true},"in2DMode":false,"pivot":{"x":3.3421459197998049,"y":0.7951691150665283,"z":6.593454360961914},"rotation":{"x":-0.06416746228933335,"y":-0.13495881855487824,"z":0.008805245161056519,"w":-0.988732099533081},"size":1.8077223300933838,"orthographic":false}